{
  "admins": [
    {
      "id": 1,
      "name": "Shubham",
      "email": "shubham.admin@gmail.com",
      "password": "1234@Shu"
    },
    {
      "id": 2,
      "name": "Jeevan",
      "email": "jeevan.admin@gmail.com",
      "password": "1123@Jee"
    }
  ],
  "customers": [
    {
      "customerName": "Shreevijay2fhjf",
      "customerMobile": "3426637876",
      "orderId": 100,
      "orderDate": "04/25/2023 4:52:35",
      "id": 1
    },
    {
      "customerName": "Shreevijayzz",
      "customerMobile": "4543267586",
      "orderId": 100,
      "orderDate": "04/26/2023 10:32:42",
      "id": 2
    }
  ],
  "categories": [
    {
      "categoryName": "Other",
      "categoryDesc": "edible",
      "id": 2
    }
  ],
  "companies": [
    {
      "companyName": "Gen",
      "companyDesc": "Serious",
      "id": 1
    }
  ],
  "products":[]
}