{
  "admins": [
    {
      "id": 1,
      "name": "Shubham",
      "email": "shubham.admin@gmail.com",
      "password": "1234@Shu"
    },
    {
      "id": 2,
      "name": "Jeevan",
      "email": "jeevan.admin@gmail.com",
      "password": "1123@Jee"
    }
  ],
  "customers": [
    {
      "customerName": "Shreevijay222",
      "customerMobile": "6788932456",
      "orderId": 101,
      "orderDate": "04/29/2023 2:31:15",
      "orderCost": 50,
      "id": 1
    },
    {
      "customerName": "shreyash",
      "customerMobile": "7896543204",
      "orderId": 102,
      "orderDate": "04/29/2023 2:35:57",
      "orderCost": 60,
      "id": 2
    },
    {
      "customerName": "sunil",
      "customerMobile": "7896543204",
      "orderId": 103,
      "orderDate": "04/30/2023 9:59:00",
      "orderCost": 50,
      "id": 3
    }
  ],
  "categories": [
    {
      "categoryName": "Other",
      "categoryDesc": "edible",
      "id": 2
    },
    {
      "categoryName": "Biscuit",
      "categoryDesc": "A biscuit is a flour-based baked and shaped food product",
      "id": 3
    },
    {
      "categoryName": "Edible Oil",
      "categoryDesc": "Oil is used for cooking",
      "id": 4
    }
  ],
  "companies": [
    {
      "companyName": "Parle",
      "companyDesc": "Parle Products is an Indian multinational food processing company, based in Mumbai. It is best known for the biscuit brand Parle-G. ",
      "id": 1
    },
    {
      "companyName": "Adani Wilmar",
      "companyDesc": "Adani Wilmar is the industry leader in edible oil. It is among India's top 10 FMCG companies for consumers as well as top producers of edible oils",
      "id": 2
    },
    {
      "companyName": "Mondelez International",
      "companyDesc": "Oreo is a sandwich cookie",
      "id": 3
    }
  ],
  "products": [
    {
      "productCode": "MM0012",
      "productName": "Oreo",
      "productCategory": "Biscuit",
      "productCompany": "Mondelez International Nabisco Cadbury Continental Biscuits Limited",
      "productStock": 100,
      "productPrice": 10,
      "productMfgDate": "2022-09-07",
      "productExpDate": "2023-10-14",
      "productDesc": "One of the world's best selling cookie",
      "id": 1
    },
    {
      "productCode": "MM0011",
      "productName": "Parle-G",
      "productCategory": "Biscuit",
      "productCompany": "Parle",
      "productStock": 100,
      "productPrice": 5,
      "productMfgDate": "2022-11-23",
      "productExpDate": "2023-08-04",
      "productDesc": "G for Genius",
      "id": 2
    },
    {
      "productCode": "OO0011",
      "productName": "Sunflower Oil",
      "productCategory": "Edible Oil",
      "productCompany": "Adani Wilmar",
      "productStock": 50,
      "productPrice": 50,
      "productMfgDate": "2022-09-01",
      "productExpDate": "2024-05-31",
      "productDesc": "Used in cooking",
      "id": 3
    }
  ],
  "orders": [
    {
      "customerName": "Shreevijay222",
      "customerMobile": "6788932456",
      "orderId": 101,
      "orderDate": "04/29/2023 2:31:15",
      "productId": "1",
      "availableProducts": "Oreo",
      "productPrice": 10,
      "orderQuantity": 3,
      "totalProductCost": 30,
      "id": 1
    },
    {
      "customerName": "Shreevijay222",
      "customerMobile": "6788932456",
      "orderId": 101,
      "orderDate": "04/29/2023 2:31:15",
      "productId": "1",
      "availableProducts": "Parle-G",
      "productPrice": 10,
      "orderQuantity": 2,
      "totalProductCost": 20,
      "id": 2
    },
    {
      "customerName": "shreyash",
      "customerMobile": "7896543204",
      "orderId": 102,
      "orderDate": "04/29/2023 2:35:57",
      "productId": "1",
      "availableProducts": "Parle-G",
      "productPrice": 10,
      "orderQuantity": 5,
      "totalProductCost": 50,
      "id": 3
    },
    {
      "customerName": "shreyash",
      "customerMobile": "7896543204",
      "orderId": 102,
      "orderDate": "04/29/2023 2:35:57",
      "productId": "1",
      "availableProducts": "Sunflower Oil",
      "productPrice": 10,
      "orderQuantity": 1,
      "totalProductCost": 10,
      "id": 4
    },
    {
      "customerName": "sunil",
      "customerMobile": "7896543204",
      "orderId": 103,
      "orderDate": "04/30/2023 9:59:00",
      "productId": "1",
      "availableProducts": "Sunflower Oil",
      "productPrice": 10,
      "orderQuantity": 2,
      "totalProductCost": 20,
      "id": 5
    },
    {
      "customerName": "sunil",
      "customerMobile": "7896543204",
      "orderId": 103,
      "orderDate": "04/30/2023 9:59:00",
      "productId": "1",
      "availableProducts": "Oreo",
      "productPrice": 10,
      "orderQuantity": 3,
      "totalProductCost": 30,
      "id": 6
    }
  ]
}